[Header],,,,
EMFileVersion,4,,,
,,,,
[Reads],,,,
151,,,,
8,,,,
151,,,,
,,,,
[Data],,,,
,,,,
Lane,Sample_ID,Sample_Name,index,sample_Project
1,SI-GA-G1_1,VDJ,ATGAATCT,NEXS4165_JamesC
1,SI-GA-G1_2,VDJ,GATCTCAG,NEXS4161_JamesC
1,SI-GA-G1_3,VDJ,CCAGGAGC,NEXS4161_JamesC
1,SI-GA-G1_4,VDJ,TGCTCGTA,NEXS4161_JamesC
2,SI-GA-G1_1,VDJ,ATGAATCT,NEXS4165_JamesC
2,SI-GA-G1_2,VDJ,GATCTCAG,NEXS4161_JamesC
2,SI-GA-G1_3,VDJ,CCAGGAGC,NEXS4161_JamesC
2,SI-GA-G1_4,VDJ,TGCTCGTA,NEXS4161_JamesC
3,SI-GA-G1_1,VDJ,ATGAATCT,NEXS4165_JamesC
3,SI-GA-G1_2,VDJ,GATCTCAG,NEXS4161_JamesC
3,SI-GA-G1_3,VDJ,CCAGGAGC,NEXS4161_JamesC
3,SI-GA-G1_4,VDJ,TGCTCGTA,NEXS4161_JamesC
4,SI-GA-G1_1,VDJ,ATGAATCT,NEXS4165_JamesC
4,SI-GA-G1_2,VDJ,GATCTCAG,NEXS4161_JamesC
4,SI-GA-G1_3,VDJ,CCAGGAGC,NEXS4161_JamesC
4,SI-GA-G1_4,VDJ,TGCTCGTA,NEXS4161_JamesC
